circuit,security,k,m,ring_dim,ring_dim_requested,ring_dim_baseline,ring_dim_grew,mult_depth,natural_mult_depth,scaling_mod_size,num_limbs,plaintext_mod,log_q,log_delta,pattern,eval_noise_bits,headroom_bits,saturated,decrypt_ok,decision_ok,expected,got,ct_bytes,status
sqrt,STD128,256,256,8192,8192,8192,0,3,3,0,3,65537,180.0,164.0,all_match,134.14,28.86,0,1,1,256,256,394461,ok
sqrt,STD128,256,256,8192,8192,8192,0,3,3,0,3,65537,180.0,164.0,no_match,134.42,28.58,0,1,1,0,0,394461,ok
sqrt,STD128,256,256,8192,8192,8192,0,3,3,0,3,65537,180.0,164.0,random,134.29,28.71,0,1,1,0,0,394461,ok
sqrt,STD128,256,256,8192,8192,8192,0,3,3,40,4,65537,160.0,144.0,all_match,94.26,48.74,0,1,1,256,256,525695,ok
sqrt,STD128,256,256,8192,8192,8192,0,3,3,40,4,65537,160.0,144.0,no_match,94.77,48.23,0,1,1,0,0,525695,ok
sqrt,STD128,256,256,8192,8192,8192,0,3,3,40,4,65537,160.0,144.0,random,94.13,48.87,0,1,1,0,0,525695,ok
sqrt,STD128,256,256,8192,8192,8192,0,3,3,45,4,65537,180.0,164.0,all_match,104.42,58.58,0,1,1,256,256,525695,ok
sqrt,STD128,256,256,8192,8192,8192,0,3,3,45,4,65537,180.0,164.0,no_match,104.67,58.33,0,1,1,0,0,525695,ok
sqrt,STD128,256,256,8192,8192,8192,0,3,3,45,4,65537,180.0,164.0,random,104.27,58.73,0,1,1,1,1,525695,ok
sqrt,STD128,256,256,8192,8192,8192,0,3,3,50,3,65537,150.0,134.0,all_match,114.07,18.93,0,1,1,256,256,394461,ok
sqrt,STD128,256,256,8192,8192,8192,0,3,3,50,3,65537,150.0,134.0,no_match,114.27,18.73,0,1,1,0,0,394461,ok
sqrt,STD128,256,256,8192,8192,8192,0,3,3,50,3,65537,150.0,134.0,random,114.34,18.66,0,1,1,1,1,394461,ok
sqrt,STD128,256,256,8192,8192,8192,0,3,3,52,3,65537,156.0,140.0,all_match,117.99,21.01,0,1,1,256,256,394461,ok
sqrt,STD128,256,256,8192,8192,8192,0,3,3,52,3,65537,156.0,140.0,no_match,118.64,20.36,0,1,1,0,0,394461,ok
sqrt,STD128,256,256,8192,8192,8192,0,3,3,52,3,65537,156.0,140.0,random,118.06,20.94,0,1,1,0,0,394461,ok
sqrt,STD128,256,256,8192,8192,8192,0,3,3,54,3,65537,162.0,146.0,all_match,122.38,22.62,0,1,1,256,256,394461,ok
sqrt,STD128,256,256,8192,8192,8192,0,3,3,54,3,65537,162.0,146.0,no_match,122.09,22.91,0,1,1,0,0,394461,ok
sqrt,STD128,256,256,8192,8192,8192,0,3,3,54,3,65537,162.0,146.0,random,122.03,22.97,0,1,1,1,1,394461,ok
sqrt,STD128,256,256,8192,8192,8192,0,3,3,58,3,65537,174.0,158.0,all_match,129.95,27.05,0,1,1,256,256,394461,ok
sqrt,STD128,256,256,8192,8192,8192,0,3,3,58,3,65537,174.0,158.0,no_match,130.03,26.97,0,1,1,0,0,394461,ok
sqrt,STD128,256,256,8192,8192,8192,0,3,3,58,3,65537,174.0,158.0,random,130.14,26.86,0,1,1,1,1,394461,ok
sqrt,STD128,256,256,8192,8192,8192,0,3,3,60,3,65537,180.0,164.0,all_match,134.15,28.85,0,1,1,256,256,394461,ok
sqrt,STD128,256,256,8192,8192,8192,0,3,3,60,3,65537,180.0,164.0,no_match,134.29,28.71,0,1,1,0,0,394461,ok
sqrt,STD128,256,256,8192,8192,8192,0,3,3,60,3,65537,180.0,164.0,random,134.33,28.67,0,1,1,1,1,394461,ok
sqrt,STD128,256,256,8192,8192,8192,0,4,3,40,5,65537,200.0,184.0,all_match,94.66,88.34,0,1,1,256,256,656945,ok
sqrt,STD128,256,256,8192,8192,8192,0,4,3,40,5,65537,200.0,184.0,no_match,95.05,87.95,0,1,1,0,0,656945,ok
sqrt,STD128,256,256,8192,8192,8192,0,4,3,40,5,65537,200.0,184.0,random,94.68,88.32,0,1,1,2,2,656945,ok
sqrt,STD128,256,256,8192,8192,8192,0,4,3,45,4,65537,180.0,164.0,all_match,104.73,58.27,0,1,1,256,256,525695,ok
sqrt,STD128,256,256,8192,8192,8192,0,4,3,45,4,65537,180.0,164.0,no_match,104.56,58.44,0,1,1,0,0,525695,ok
sqrt,STD128,256,256,8192,8192,8192,0,4,3,45,4,65537,180.0,164.0,random,104.56,58.44,0,1,1,1,1,525695,ok
sqrt,STD128,256,256,8192,8192,8192,0,4,3,50,4,65537,200.0,184.0,all_match,114.84,68.16,0,1,1,256,256,525711,ok
sqrt,STD128,256,256,8192,8192,8192,0,4,3,50,4,65537,200.0,184.0,no_match,114.83,68.17,0,1,1,0,0,525711,ok
sqrt,STD128,256,256,8192,8192,8192,0,4,3,50,4,65537,200.0,184.0,random,114.42,68.58,0,1,1,1,1,525711,ok
sqrt,STD128,256,256,8192,8192,8192,0,4,3,52,4,65537,208.0,192.0,all_match,118.13,72.87,0,1,1,256,256,525711,ok
sqrt,STD128,256,256,8192,8192,8192,0,4,3,52,4,65537,208.0,192.0,no_match,118.77,72.23,0,1,1,0,0,525711,ok
sqrt,STD128,256,256,8192,8192,8192,0,4,3,52,4,65537,208.0,192.0,random,118.58,72.42,0,1,1,3,3,525711,ok
sqrt,STD128,256,256,8192,8192,8192,0,4,3,54,4,65537,216.0,200.0,all_match,122.41,76.59,0,1,1,256,256,525711,ok
sqrt,STD128,256,256,8192,8192,8192,0,4,3,54,4,65537,216.0,200.0,no_match,122.47,76.53,0,1,1,0,0,525711,ok
sqrt,STD128,256,256,8192,8192,8192,0,4,3,54,4,65537,216.0,200.0,random,122.84,76.16,0,1,1,2,2,525711,ok
sqrt,STD128,256,256,16384,8192,8192,1,4,3,58,4,65537,232.0,216.0,all_match,131.93,83.07,0,1,1,256,256,1049999,ok
sqrt,STD128,256,256,16384,8192,8192,1,4,3,58,4,65537,232.0,216.0,no_match,132.79,82.21,0,1,1,0,0,1049999,ok
sqrt,STD128,256,256,16384,8192,8192,1,4,3,58,4,65537,232.0,216.0,random,131.88,83.12,0,1,1,1,1,1049999,ok
sqrt,STD128,256,256,16384,8192,8192,1,4,3,60,4,65537,240.0,224.0,all_match,136.04,86.96,0,1,1,256,256,1049999,ok
sqrt,STD128,256,256,16384,8192,8192,1,4,3,60,4,65537,240.0,224.0,no_match,135.88,87.12,0,1,1,0,0,1049999,ok
sqrt,STD128,256,256,16384,8192,8192,1,4,3,60,4,65537,240.0,224.0,random,135.95,87.05,0,1,1,0,0,1049999,ok
sqrt,STD128,256,256,16384,8192,8192,1,5,3,40,6,65537,240.0,224.0,all_match,96.53,126.47,0,1,1,256,256,1574611,ok
sqrt,STD128,256,256,16384,8192,8192,1,5,3,40,6,65537,240.0,224.0,no_match,96.18,126.82,0,1,1,0,0,1574611,ok
sqrt,STD128,256,256,16384,8192,8192,1,5,3,40,6,65537,240.0,224.0,random,96.96,126.04,0,1,1,0,0,1574611,ok
sqrt,STD128,256,256,16384,8192,8192,1,5,3,45,5,65537,225.0,209.0,all_match,106.51,101.49,0,1,1,256,256,1312305,ok
sqrt,STD128,256,256,16384,8192,8192,1,5,3,45,5,65537,225.0,209.0,no_match,106.22,101.78,0,1,1,0,0,1312305,ok
sqrt,STD128,256,256,16384,8192,8192,1,5,3,45,5,65537,225.0,209.0,random,106.13,101.87,0,1,1,0,0,1312305,ok
sqrt,STD128,256,256,16384,8192,8192,1,5,3,50,5,65537,250.0,234.0,all_match,116.14,116.86,0,1,1,256,256,1312305,ok
sqrt,STD128,256,256,16384,8192,8192,1,5,3,50,5,65537,250.0,234.0,no_match,116.10,116.90,0,1,1,0,0,1312305,ok
sqrt,STD128,256,256,16384,8192,8192,1,5,3,50,5,65537,250.0,234.0,random,116.31,116.69,0,1,1,0,0,1312305,ok
sqrt,STD128,256,256,16384,8192,8192,1,5,3,52,5,65537,260.0,244.0,all_match,120.52,122.48,0,1,1,256,256,1312321,ok
sqrt,STD128,256,256,16384,8192,8192,1,5,3,52,5,65537,260.0,244.0,no_match,120.14,122.86,0,1,1,0,0,1312321,ok
sqrt,STD128,256,256,16384,8192,8192,1,5,3,52,5,65537,260.0,244.0,random,120.83,122.17,0,1,1,0,0,1312321,ok
sqrt,STD128,256,256,8192,8192,8192,0,5,3,54,4,65537,216.0,200.0,all_match,122.47,76.53,0,1,1,256,256,525711,ok
sqrt,STD128,256,256,8192,8192,8192,0,5,3,54,4,65537,216.0,200.0,no_match,122.70,76.30,0,1,1,0,0,525711,ok
sqrt,STD128,256,256,8192,8192,8192,0,5,3,54,4,65537,216.0,200.0,random,122.80,76.20,0,1,1,1,1,525711,ok
sqrt,STD128,256,256,16384,8192,8192,1,5,3,58,4,65537,232.0,216.0,all_match,131.93,83.07,0,1,1,256,256,1049999,ok
sqrt,STD128,256,256,16384,8192,8192,1,5,3,58,4,65537,232.0,216.0,no_match,132.45,82.55,0,1,1,0,0,1049999,ok
sqrt,STD128,256,256,16384,8192,8192,1,5,3,58,4,65537,232.0,216.0,random,132.01,82.99,0,1,1,1,1,1049999,ok
sqrt,STD128,256,256,16384,8192,8192,1,5,3,60,4,65537,240.0,224.0,all_match,136.10,86.90,0,1,1,256,256,1049999,ok
sqrt,STD128,256,256,16384,8192,8192,1,5,3,60,4,65537,240.0,224.0,no_match,136.27,86.73,0,1,1,0,0,1049999,ok
sqrt,STD128,256,256,16384,8192,8192,1,5,3,60,4,65537,240.0,224.0,random,136.01,86.99,0,1,1,0,0,1049999,ok
sqrt,STD128,256,256,16384,8192,8192,1,6,3,40,6,65537,240.0,224.0,all_match,96.42,126.58,0,1,1,256,256,1574611,ok
sqrt,STD128,256,256,16384,8192,8192,1,6,3,40,6,65537,240.0,224.0,no_match,96.36,126.64,0,1,1,0,0,1574611,ok
sqrt,STD128,256,256,16384,8192,8192,1,6,3,40,6,65537,240.0,224.0,random,96.23,126.77,0,1,1,1,1,1574611,ok
sqrt,STD128,256,256,16384,8192,8192,1,6,3,45,6,65537,270.0,254.0,all_match,106.21,146.79,0,1,1,256,256,1574627,ok
sqrt,STD128,256,256,16384,8192,8192,1,6,3,45,6,65537,270.0,254.0,no_match,106.67,146.33,0,1,1,0,0,1574627,ok
sqrt,STD128,256,256,16384,8192,8192,1,6,3,45,6,65537,270.0,254.0,random,106.65,146.35,0,1,1,0,0,1574627,ok
sqrt,STD128,256,256,16384,8192,8192,1,6,3,50,5,65537,250.0,234.0,all_match,116.50,116.50,0,1,1,256,256,1312305,ok
sqrt,STD128,256,256,16384,8192,8192,1,6,3,50,5,65537,250.0,234.0,no_match,116.40,116.60,0,1,1,0,0,1312305,ok
sqrt,STD128,256,256,16384,8192,8192,1,6,3,50,5,65537,250.0,234.0,random,116.38,116.62,0,1,1,2,2,1312305,ok
sqrt,STD128,256,256,16384,8192,8192,1,6,3,52,5,65537,260.0,244.0,all_match,120.27,122.73,0,1,1,256,256,1312321,ok
sqrt,STD128,256,256,16384,8192,8192,1,6,3,52,5,65537,260.0,244.0,no_match,120.53,122.47,0,1,1,0,0,1312321,ok
sqrt,STD128,256,256,16384,8192,8192,1,6,3,52,5,65537,260.0,244.0,random,119.95,123.05,0,1,1,1,1,1312321,ok
sqrt,STD128,256,256,16384,8192,8192,1,6,3,54,5,65537,270.0,254.0,all_match,124.27,128.73,0,1,1,256,256,1312321,ok
sqrt,STD128,256,256,16384,8192,8192,1,6,3,54,5,65537,270.0,254.0,no_match,124.51,128.49,0,1,1,0,0,1312321,ok
sqrt,STD128,256,256,16384,8192,8192,1,6,3,54,5,65537,270.0,254.0,random,124.30,128.70,0,1,1,1,1,1312321,ok
sqrt,STD128,256,256,16384,8192,8192,1,6,3,58,5,65537,290.0,274.0,all_match,132.32,140.68,0,1,1,256,256,1312321,ok
sqrt,STD128,256,256,16384,8192,8192,1,6,3,58,5,65537,290.0,274.0,no_match,132.36,140.64,0,1,1,0,0,1312321,ok
sqrt,STD128,256,256,16384,8192,8192,1,6,3,58,5,65537,290.0,274.0,random,132.31,140.69,0,1,1,0,0,1312321,ok
sqrt,STD128,256,256,16384,8192,8192,1,6,3,60,5,65537,300.0,284.0,all_match,136.09,146.91,0,1,1,256,256,1312321,ok
sqrt,STD128,256,256,16384,8192,8192,1,6,3,60,5,65537,300.0,284.0,no_match,136.33,146.67,0,1,1,0,0,1312321,ok
sqrt,STD128,256,256,16384,8192,8192,1,6,3,60,5,65537,300.0,284.0,random,136.12,146.88,0,1,1,1,1,1312321,ok
sqrt,STD128,512,256,16384,16384,16384,0,3,3,0,3,65537,180.0,164.0,all_match,135.71,27.29,0,1,1,512,512,787677,ok
sqrt,STD128,512,256,16384,16384,16384,0,3,3,0,3,65537,180.0,164.0,no_match,136.06,26.94,0,1,1,0,0,787677,ok
sqrt,STD128,512,256,16384,16384,16384,0,3,3,0,3,65537,180.0,164.0,random,135.62,27.38,0,1,1,7,7,787677,ok
sqrt,STD128,512,256,16384,16384,16384,0,3,3,40,4,65537,160.0,144.0,all_match,95.94,47.06,0,1,1,512,512,1049983,ok
sqrt,STD128,512,256,16384,16384,16384,0,3,3,40,4,65537,160.0,144.0,no_match,96.24,46.76,0,1,1,0,0,1049983,ok
sqrt,STD128,512,256,16384,16384,16384,0,3,3,40,4,65537,160.0,144.0,random,95.82,47.18,0,1,1,4,4,1049983,ok
sqrt,STD128,512,256,16384,16384,16384,0,3,3,45,4,65537,180.0,164.0,all_match,106.21,56.79,0,1,1,512,512,1049983,ok
sqrt,STD128,512,256,16384,16384,16384,0,3,3,45,4,65537,180.0,164.0,no_match,105.70,57.30,0,1,1,0,0,1049983,ok
sqrt,STD128,512,256,16384,16384,16384,0,3,3,45,4,65537,180.0,164.0,random,106.16,56.84,0,1,1,1,1,1049983,ok
sqrt,STD128,512,256,16384,16384,16384,0,3,3,50,3,65537,150.0,134.0,all_match,115.64,17.36,0,1,1,512,512,787677,ok
sqrt,STD128,512,256,16384,16384,16384,0,3,3,50,3,65537,150.0,134.0,no_match,116.15,16.85,0,1,1,0,0,787677,ok
sqrt,STD128,512,256,16384,16384,16384,0,3,3,50,3,65537,150.0,134.0,random,115.54,17.46,0,1,1,3,3,787677,ok
sqrt,STD128,512,256,16384,16384,16384,0,3,3,52,3,65537,156.0,140.0,all_match,120.04,18.96,0,1,1,512,512,787677,ok
sqrt,STD128,512,256,16384,16384,16384,0,3,3,52,3,65537,156.0,140.0,no_match,120.04,18.96,0,1,1,0,0,787677,ok
sqrt,STD128,512,256,16384,16384,16384,0,3,3,52,3,65537,156.0,140.0,random,119.56,19.44,0,1,1,1,1,787677,ok
sqrt,STD128,512,256,16384,16384,16384,0,3,3,54,3,65537,162.0,146.0,all_match,123.97,21.03,0,1,1,512,512,787677,ok
sqrt,STD128,512,256,16384,16384,16384,0,3,3,54,3,65537,162.0,146.0,no_match,123.88,21.12,0,1,1,0,0,787677,ok
sqrt,STD128,512,256,16384,16384,16384,0,3,3,54,3,65537,162.0,146.0,random,123.84,21.16,0,1,1,3,3,787677,ok
sqrt,STD128,512,256,16384,16384,16384,0,3,3,58,3,65537,174.0,158.0,all_match,131.51,25.49,0,1,1,512,512,787677,ok
sqrt,STD128,512,256,16384,16384,16384,0,3,3,58,3,65537,174.0,158.0,no_match,131.80,25.20,0,1,1,0,0,787677,ok
sqrt,STD128,512,256,16384,16384,16384,0,3,3,58,3,65537,174.0,158.0,random,131.64,25.36,0,1,1,2,2,787677,ok
sqrt,STD128,512,256,16384,16384,16384,0,3,3,60,3,65537,180.0,164.0,all_match,135.55,27.45,0,1,1,512,512,787677,ok
sqrt,STD128,512,256,16384,16384,16384,0,3,3,60,3,65537,180.0,164.0,no_match,135.63,27.37,0,1,1,0,0,787677,ok
sqrt,STD128,512,256,16384,16384,16384,0,3,3,60,3,65537,180.0,164.0,random,136.23,26.77,0,1,1,1,1,787677,ok
sqrt,STD128,512,256,16384,16384,16384,0,4,3,40,5,65537,200.0,184.0,all_match,95.96,87.04,0,1,1,512,512,1312305,ok
sqrt,STD128,512,256,16384,16384,16384,0,4,3,40,5,65537,200.0,184.0,no_match,96.02,86.98,0,1,1,0,0,1312305,ok
sqrt,STD128,512,256,16384,16384,16384,0,4,3,40,5,65537,200.0,184.0,random,96.31,86.69,0,1,1,3,3,1312305,ok
sqrt,STD128,512,256,16384,16384,16384,0,4,3,45,4,65537,180.0,164.0,all_match,105.81,57.19,0,1,1,512,512,1049983,ok
sqrt,STD128,512,256,16384,16384,16384,0,4,3,45,4,65537,180.0,164.0,no_match,105.96,57.04,0,1,1,0,0,1049983,ok
sqrt,STD128,512,256,16384,16384,16384,0,4,3,45,4,65537,180.0,164.0,random,105.83,57.17,0,1,1,0,0,1049983,ok
sqrt,STD128,512,256,16384,16384,16384,0,4,3,50,4,65537,200.0,184.0,all_match,115.94,67.06,0,1,1,512,512,1049999,ok
sqrt,STD128,512,256,16384,16384,16384,0,4,3,50,4,65537,200.0,184.0,no_match,116.17,66.83,0,1,1,0,0,1049999,ok
sqrt,STD128,512,256,16384,16384,16384,0,4,3,50,4,65537,200.0,184.0,random,116.02,66.98,0,1,1,3,3,1049999,ok
sqrt,STD128,512,256,16384,16384,16384,0,4,3,52,4,65537,208.0,192.0,all_match,120.03,70.97,0,1,1,512,512,1049999,ok
sqrt,STD128,512,256,16384,16384,16384,0,4,3,52,4,65537,208.0,192.0,no_match,119.82,71.18,0,1,1,0,0,1049999,ok
sqrt,STD128,512,256,16384,16384,16384,0,4,3,52,4,65537,208.0,192.0,random,119.88,71.12,0,1,1,3,3,1049999,ok
sqrt,STD128,512,256,16384,16384,16384,0,4,3,54,4,65537,216.0,200.0,all_match,123.76,75.24,0,1,1,512,512,1049999,ok
sqrt,STD128,512,256,16384,16384,16384,0,4,3,54,4,65537,216.0,200.0,no_match,124.00,75.00,0,1,1,0,0,1049999,ok
sqrt,STD128,512,256,16384,16384,16384,0,4,3,54,4,65537,216.0,200.0,random,124.34,74.66,0,1,1,5,5,1049999,ok
sqrt,STD128,512,256,16384,16384,16384,0,4,3,58,4,65537,232.0,216.0,all_match,131.89,83.11,0,1,1,512,512,1049999,ok
sqrt,STD128,512,256,16384,16384,16384,0,4,3,58,4,65537,232.0,216.0,no_match,132.20,82.80,0,1,1,0,0,1049999,ok
sqrt,STD128,512,256,16384,16384,16384,0,4,3,58,4,65537,232.0,216.0,random,132.01,82.99,0,1,1,1,1,1049999,ok
sqrt,STD128,512,256,16384,16384,16384,0,4,3,60,4,65537,240.0,224.0,all_match,136.30,86.70,0,1,1,512,512,1049999,ok
sqrt,STD128,512,256,16384,16384,16384,0,4,3,60,4,65537,240.0,224.0,no_match,136.16,86.84,0,1,1,0,0,1049999,ok
sqrt,STD128,512,256,16384,16384,16384,0,4,3,60,4,65537,240.0,224.0,random,135.77,87.23,0,1,1,1,1,1049999,ok
sqrt,STD128,512,256,16384,16384,16384,0,5,3,40,6,65537,240.0,224.0,all_match,96.44,126.56,0,1,1,512,512,1574611,ok
sqrt,STD128,512,256,16384,16384,16384,0,5,3,40,6,65537,240.0,224.0,no_match,96.36,126.64,0,1,1,0,0,1574611,ok
sqrt,STD128,512,256,16384,16384,16384,0,5,3,40,6,65537,240.0,224.0,random,96.40,126.60,0,1,1,0,0,1574611,ok
sqrt,STD128,512,256,16384,16384,16384,0,5,3,45,5,65537,225.0,209.0,all_match,106.41,101.59,0,1,1,512,512,1312305,ok
sqrt,STD128,512,256,16384,16384,16384,0,5,3,45,5,65537,225.0,209.0,no_match,106.23,101.77,0,1,1,0,0,1312305,ok
sqrt,STD128,512,256,16384,16384,16384,0,5,3,45,5,65537,225.0,209.0,random,106.12,101.88,0,1,1,1,1,1312305,ok
sqrt,STD128,512,256,16384,16384,16384,0,5,3,50,5,65537,250.0,234.0,all_match,116.37,116.63,0,1,1,512,512,1312305,ok
sqrt,STD128,512,256,16384,16384,16384,0,5,3,50,5,65537,250.0,234.0,no_match,116.07,116.93,0,1,1,0,0,1312305,ok
sqrt,STD128,512,256,16384,16384,16384,0,5,3,50,5,65537,250.0,234.0,random,116.29,116.71,0,1,1,0,0,1312305,ok
sqrt,STD128,512,256,16384,16384,16384,0,5,3,52,5,65537,260.0,244.0,all_match,120.16,122.84,0,1,1,512,512,1312321,ok
sqrt,STD128,512,256,16384,16384,16384,0,5,3,52,5,65537,260.0,244.0,no_match,120.32,122.68,0,1,1,0,0,1312321,ok
sqrt,STD128,512,256,16384,16384,16384,0,5,3,52,5,65537,260.0,244.0,random,120.13,122.87,0,1,1,1,1,1312321,ok
sqrt,STD128,512,256,16384,16384,16384,0,5,3,54,5,65537,270.0,254.0,all_match,124.02,128.98,0,1,1,512,512,1312321,ok
sqrt,STD128,512,256,16384,16384,16384,0,5,3,54,5,65537,270.0,254.0,no_match,124.30,128.70,0,1,1,0,0,1312321,ok
sqrt,STD128,512,256,16384,16384,16384,0,5,3,54,5,65537,270.0,254.0,random,124.21,128.79,0,1,1,3,3,1312321,ok
sqrt,STD128,512,256,16384,16384,16384,0,5,3,58,4,65537,232.0,216.0,all_match,132.11,82.89,0,1,1,512,512,1049999,ok
sqrt,STD128,512,256,16384,16384,16384,0,5,3,58,4,65537,232.0,216.0,no_match,132.13,82.87,0,1,1,0,0,1049999,ok
sqrt,STD128,512,256,16384,16384,16384,0,5,3,58,4,65537,232.0,216.0,random,132.24,82.76,0,1,1,3,3,1049999,ok
sqrt,STD128,512,256,16384,16384,16384,0,5,3,60,4,65537,240.0,224.0,all_match,136.34,86.66,0,1,1,512,512,1049999,ok
sqrt,STD128,512,256,16384,16384,16384,0,5,3,60,4,65537,240.0,224.0,no_match,135.91,87.09,0,1,1,0,0,1049999,ok
sqrt,STD128,512,256,16384,16384,16384,0,5,3,60,4,65537,240.0,224.0,random,135.94,87.06,0,1,1,2,2,1049999,ok
sqrt,STD128,512,256,16384,16384,16384,0,6,3,40,6,65537,240.0,224.0,all_match,96.29,126.71,0,1,1,512,512,1574611,ok
sqrt,STD128,512,256,16384,16384,16384,0,6,3,40,6,65537,240.0,224.0,no_match,96.62,126.38,0,1,1,0,0,1574611,ok
sqrt,STD128,512,256,16384,16384,16384,0,6,3,40,6,65537,240.0,224.0,random,96.34,126.66,0,1,1,1,1,1574611,ok
sqrt,STD128,512,256,16384,16384,16384,0,6,3,45,6,65537,270.0,254.0,all_match,106.38,146.62,0,1,1,512,512,1574627,ok
sqrt,STD128,512,256,16384,16384,16384,0,6,3,45,6,65537,270.0,254.0,no_match,106.38,146.62,0,1,1,0,0,1574627,ok
sqrt,STD128,512,256,16384,16384,16384,0,6,3,45,6,65537,270.0,254.0,random,106.45,146.55,0,1,1,0,0,1574627,ok
sqrt,STD128,512,256,16384,16384,16384,0,6,3,50,5,65537,250.0,234.0,all_match,116.66,116.34,0,1,1,512,512,1312305,ok
sqrt,STD128,512,256,16384,16384,16384,0,6,3,50,5,65537,250.0,234.0,no_match,116.29,116.71,0,1,1,0,0,1312305,ok
sqrt,STD128,512,256,16384,16384,16384,0,6,3,50,5,65537,250.0,234.0,random,116.32,116.68,0,1,1,4,4,1312305,ok
sqrt,STD128,512,256,16384,16384,16384,0,6,3,52,5,65537,260.0,244.0,all_match,120.13,122.87,0,1,1,512,512,1312321,ok
sqrt,STD128,512,256,16384,16384,16384,0,6,3,52,5,65537,260.0,244.0,no_match,120.36,122.64,0,1,1,0,0,1312321,ok
sqrt,STD128,512,256,16384,16384,16384,0,6,3,52,5,65537,260.0,244.0,random,120.41,122.59,0,1,1,1,1,1312321,ok
sqrt,STD128,512,256,16384,16384,16384,0,6,3,54,5,65537,270.0,254.0,all_match,124.21,128.79,0,1,1,512,512,1312321,ok
sqrt,STD128,512,256,16384,16384,16384,0,6,3,54,5,65537,270.0,254.0,no_match,124.19,128.81,0,1,1,0,0,1312321,ok
sqrt,STD128,512,256,16384,16384,16384,0,6,3,54,5,65537,270.0,254.0,random,124.36,128.64,0,1,1,2,2,1312321,ok
sqrt,STD128,512,256,16384,16384,16384,0,6,3,58,5,65537,290.0,274.0,all_match,132.36,140.64,0,1,1,512,512,1312321,ok
sqrt,STD128,512,256,16384,16384,16384,0,6,3,58,5,65537,290.0,274.0,no_match,132.34,140.66,0,1,1,0,0,1312321,ok
sqrt,STD128,512,256,16384,16384,16384,0,6,3,58,5,65537,290.0,274.0,random,132.14,140.86,0,1,1,0,0,1312321,ok
sqrt,STD128,512,256,16384,16384,16384,0,6,3,60,5,65537,300.0,284.0,all_match,136.22,146.78,0,1,1,512,512,1312321,ok
sqrt,STD128,512,256,16384,16384,16384,0,6,3,60,5,65537,300.0,284.0,no_match,136.40,146.60,0,1,1,0,0,1312321,ok
sqrt,STD128,512,256,16384,16384,16384,0,6,3,60,5,65537,300.0,284.0,random,136.60,146.40,0,1,1,1,1,1312321,ok
sqrt,STD128,512,1024,32768,32768,32768,0,3,3,0,3,65537,180.0,164.0,all_match,136.20,26.80,0,1,1,512,512,1574109,ok
sqrt,STD128,512,1024,32768,32768,32768,0,3,3,0,3,65537,180.0,164.0,no_match,136.16,26.84,0,1,1,0,0,1574109,ok
sqrt,STD128,512,1024,32768,32768,32768,0,3,3,0,3,65537,180.0,164.0,random,136.14,26.86,0,1,1,0,0,1574109,ok
sqrt,STD128,512,1024,32768,32768,32768,0,3,3,40,4,65537,160.0,144.0,all_match,96.75,46.25,0,1,1,512,512,2098559,ok
sqrt,STD128,512,1024,32768,32768,32768,0,3,3,40,4,65537,160.0,144.0,no_match,96.67,46.33,0,1,1,0,0,2098559,ok
sqrt,STD128,512,1024,32768,32768,32768,0,3,3,40,4,65537,160.0,144.0,random,96.43,46.57,0,1,1,1,1,2098559,ok
sqrt,STD128,512,1024,32768,32768,32768,0,3,3,45,4,65537,180.0,164.0,all_match,106.62,56.38,0,1,1,512,512,2098559,ok
sqrt,STD128,512,1024,32768,32768,32768,0,3,3,45,4,65537,180.0,164.0,no_match,106.55,56.45,0,1,1,0,0,2098559,ok
sqrt,STD128,512,1024,32768,32768,32768,0,3,3,45,4,65537,180.0,164.0,random,106.94,56.06,0,1,1,0,0,2098559,ok
sqrt,STD128,512,1024,32768,32768,32768,0,3,3,50,4,65537,200.0,184.0,all_match,116.76,66.24,0,1,1,512,512,2098575,ok
sqrt,STD128,512,1024,32768,32768,32768,0,3,3,50,4,65537,200.0,184.0,no_match,116.62,66.38,0,1,1,0,0,2098575,ok
sqrt,STD128,512,1024,32768,32768,32768,0,3,3,50,4,65537,200.0,184.0,random,116.60,66.40,0,1,1,0,0,2098575,ok
sqrt,STD128,512,1024,32768,32768,32768,0,3,3,52,3,65537,156.0,140.0,all_match,120.45,18.55,0,1,1,512,512,1574109,ok
sqrt,STD128,512,1024,32768,32768,32768,0,3,3,52,3,65537,156.0,140.0,no_match,120.52,18.48,0,1,1,0,0,1574109,ok
sqrt,STD128,512,1024,32768,32768,32768,0,3,3,52,3,65537,156.0,140.0,random,120.19,18.81,0,1,1,0,0,1574109,ok
sqrt,STD128,512,1024,32768,32768,32768,0,3,3,54,3,65537,162.0,146.0,all_match,124.15,20.85,0,1,1,512,512,1574109,ok
sqrt,STD128,512,1024,32768,32768,32768,0,3,3,54,3,65537,162.0,146.0,no_match,124.18,20.82,0,1,1,0,0,1574109,ok
sqrt,STD128,512,1024,32768,32768,32768,0,3,3,54,3,65537,162.0,146.0,random,124.43,20.57,0,1,1,0,0,1574109,ok
sqrt,STD128,512,1024,32768,32768,32768,0,3,3,58,3,65537,174.0,158.0,all_match,132.70,24.30,0,1,1,512,512,1574109,ok
sqrt,STD128,512,1024,32768,32768,32768,0,3,3,58,3,65537,174.0,158.0,no_match,132.68,24.32,0,1,1,0,0,1574109,ok
sqrt,STD128,512,1024,32768,32768,32768,0,3,3,58,3,65537,174.0,158.0,random,132.49,24.51,0,1,1,5,5,1574109,ok
sqrt,STD128,512,1024,32768,32768,32768,0,3,3,60,3,65537,180.0,164.0,all_match,136.43,26.57,0,1,1,512,512,1574109,ok
sqrt,STD128,512,1024,32768,32768,32768,0,3,3,60,3,65537,180.0,164.0,no_match,136.29,26.71,0,1,1,0,0,1574109,ok
sqrt,STD128,512,1024,32768,32768,32768,0,3,3,60,3,65537,180.0,164.0,random,136.62,26.38,0,1,1,1,1,1574109,ok
sqrt,STD128,512,1024,32768,32768,32768,0,4,3,40,5,65537,200.0,184.0,all_match,97.26,85.74,0,1,1,512,512,2623025,ok
sqrt,STD128,512,1024,32768,32768,32768,0,4,3,40,5,65537,200.0,184.0,no_match,96.95,86.04,0,1,1,0,0,2623025,ok
sqrt,STD128,512,1024,32768,32768,32768,0,4,3,40,5,65537,200.0,184.0,random,96.72,86.28,0,1,1,1,1,2623025,ok
sqrt,STD128,512,1024,32768,32768,32768,0,4,3,45,5,65537,225.0,209.0,all_match,107.04,100.96,0,1,1,512,512,2623025,ok
sqrt,STD128,512,1024,32768,32768,32768,0,4,3,45,5,65537,225.0,209.0,no_match,107.05,100.95,0,1,1,0,0,2623025,ok
sqrt,STD128,512,1024,32768,32768,32768,0,4,3,45,5,65537,225.0,209.0,random,107.13,100.87,0,1,1,0,0,2623025,ok
sqrt,STD128,512,1024,32768,32768,32768,0,4,3,50,4,65537,200.0,184.0,all_match,116.97,66.03,0,1,1,512,512,2098575,ok
sqrt,STD128,512,1024,32768,32768,32768,0,4,3,50,4,65537,200.0,184.0,no_match,116.92,66.08,0,1,1,0,0,2098575,ok
sqrt,STD128,512,1024,32768,32768,32768,0,4,3,50,4,65537,200.0,184.0,random,116.56,66.44,0,1,1,0,0,2098575,ok
sqrt,STD128,512,1024,32768,32768,32768,0,4,3,52,4,65537,208.0,192.0,all_match,120.68,70.32,0,1,1,512,512,2098575,ok
sqrt,STD128,512,1024,32768,32768,32768,0,4,3,52,4,65537,208.0,192.0,no_match,120.66,70.34,0,1,1,0,0,2098575,ok
sqrt,STD128,512,1024,32768,32768,32768,0,4,3,52,4,65537,208.0,192.0,random,120.77,70.23,0,1,1,0,0,2098575,ok
sqrt,STD128,512,1024,32768,32768,32768,0,4,3,54,4,65537,216.0,200.0,all_match,124.80,74.20,0,1,1,512,512,2098575,ok
sqrt,STD128,512,1024,32768,32768,32768,0,4,3,54,4,65537,216.0,200.0,no_match,124.50,74.50,0,1,1,0,0,2098575,ok
sqrt,STD128,512,1024,32768,32768,32768,0,4,3,54,4,65537,216.0,200.0,random,124.50,74.50,0,1,1,0,0,2098575,ok
sqrt,STD128,512,1024,32768,32768,32768,0,4,3,58,4,65537,232.0,216.0,all_match,132.52,82.48,0,1,1,512,512,2098575,ok
sqrt,STD128,512,1024,32768,32768,32768,0,4,3,58,4,65537,232.0,216.0,no_match,132.96,82.04,0,1,1,0,0,2098575,ok
sqrt,STD128,512,1024,32768,32768,32768,0,4,3,58,4,65537,232.0,216.0,random,132.78,82.22,0,1,1,2,2,2098575,ok
sqrt,STD128,512,1024,32768,32768,32768,0,4,3,60,4,65537,240.0,224.0,all_match,136.64,86.36,0,1,1,512,512,2098575,ok
sqrt,STD128,512,1024,32768,32768,32768,0,4,3,60,4,65537,240.0,224.0,no_match,136.89,86.11,0,1,1,0,0,2098575,ok
sqrt,STD128,512,1024,32768,32768,32768,0,4,3,60,4,65537,240.0,224.0,random,136.82,86.18,0,1,1,0,0,2098575,ok
sqrt,STD128,512,1024,32768,32768,32768,0,5,3,40,6,65537,240.0,224.0,all_match,97.68,125.32,0,1,1,512,512,3147475,ok
sqrt,STD128,512,1024,32768,32768,32768,0,5,3,40,6,65537,240.0,224.0,no_match,96.98,126.02,0,1,1,0,0,3147475,ok
sqrt,STD128,512,1024,32768,32768,32768,0,5,3,40,6,65537,240.0,224.0,random,97.18,125.82,0,1,1,1,1,3147475,ok
sqrt,STD128,512,1024,32768,32768,32768,0,5,3,45,5,65537,225.0,209.0,all_match,106.95,101.05,0,1,1,512,512,2623025,ok
sqrt,STD128,512,1024,32768,32768,32768,0,5,3,45,5,65537,225.0,209.0,no_match,106.65,101.35,0,1,1,0,0,2623025,ok
sqrt,STD128,512,1024,32768,32768,32768,0,5,3,45,5,65537,225.0,209.0,random,106.91,101.09,0,1,1,1,1,2623025,ok
sqrt,STD128,512,1024,32768,32768,32768,0,5,3,50,5,65537,250.0,234.0,all_match,116.74,116.26,0,1,1,512,512,2623025,ok
sqrt,STD128,512,1024,32768,32768,32768,0,5,3,50,5,65537,250.0,234.0,no_match,117.31,115.69,0,1,1,0,0,2623025,ok
sqrt,STD128,512,1024,32768,32768,32768,0,5,3,50,5,65537,250.0,234.0,random,116.99,116.01,0,1,1,0,0,2623025,ok
sqrt,STD128,512,1024,32768,32768,32768,0,5,3,52,5,65537,260.0,244.0,all_match,120.64,122.36,0,1,1,512,512,2623041,ok
sqrt,STD128,512,1024,32768,32768,32768,0,5,3,52,5,65537,260.0,244.0,no_match,120.82,122.18,0,1,1,0,0,2623041,ok
sqrt,STD128,512,1024,32768,32768,32768,0,5,3,52,5,65537,260.0,244.0,random,120.83,122.17,0,1,1,0,0,2623041,ok
sqrt,STD128,512,1024,32768,32768,32768,0,5,3,54,5,65537,270.0,254.0,all_match,124.81,128.19,0,1,1,512,512,2623041,ok
sqrt,STD128,512,1024,32768,32768,32768,0,5,3,54,5,65537,270.0,254.0,no_match,124.98,128.02,0,1,1,0,0,2623041,ok
sqrt,STD128,512,1024,32768,32768,32768,0,5,3,54,5,65537,270.0,254.0,random,124.89,128.11,0,1,1,1,1,2623041,ok
sqrt,STD128,512,1024,32768,32768,32768,0,5,3,58,4,65537,232.0,216.0,all_match,132.71,82.29,0,1,1,512,512,2098575,ok
sqrt,STD128,512,1024,32768,32768,32768,0,5,3,58,4,65537,232.0,216.0,no_match,132.66,82.34,0,1,1,0,0,2098575,ok
sqrt,STD128,512,1024,32768,32768,32768,0,5,3,58,4,65537,232.0,216.0,random,132.64,82.36,0,1,1,0,0,2098575,ok
sqrt,STD128,512,1024,32768,32768,32768,0,5,3,60,4,65537,240.0,224.0,all_match,136.59,86.41,0,1,1,512,512,2098575,ok
sqrt,STD128,512,1024,32768,32768,32768,0,5,3,60,4,65537,240.0,224.0,no_match,136.60,86.40,0,1,1,0,0,2098575,ok
sqrt,STD128,512,1024,32768,32768,32768,0,5,3,60,4,65537,240.0,224.0,random,136.37,86.63,0,1,1,0,0,2098575,ok
sqrt,STD128,512,1024,32768,32768,32768,0,6,3,40,7,65537,280.0,264.0,all_match,97.33,165.67,0,1,1,512,512,3671941,ok
sqrt,STD128,512,1024,32768,32768,32768,0,6,3,40,7,65537,280.0,264.0,no_match,97.25,165.75,0,1,1,0,0,3671941,ok
sqrt,STD128,512,1024,32768,32768,32768,0,6,3,40,7,65537,280.0,264.0,random,97.20,165.80,0,1,1,0,0,3671941,ok
sqrt,STD128,512,1024,32768,32768,32768,0,6,3,45,6,65537,270.0,254.0,all_match,106.95,146.05,0,1,1,512,512,3147491,ok
sqrt,STD128,512,1024,32768,32768,32768,0,6,3,45,6,65537,270.0,254.0,no_match,106.98,146.02,0,1,1,0,0,3147491,ok
sqrt,STD128,512,1024,32768,32768,32768,0,6,3,45,6,65537,270.0,254.0,random,106.97,146.03,0,1,1,1,1,3147491,ok
sqrt,STD128,512,1024,32768,32768,32768,0,6,3,50,6,65537,300.0,284.0,all_match,117.26,165.74,0,1,1,512,512,3147491,ok
sqrt,STD128,512,1024,32768,32768,32768,0,6,3,50,6,65537,300.0,284.0,no_match,117.02,165.98,0,1,1,0,0,3147491,ok
sqrt,STD128,512,1024,32768,32768,32768,0,6,3,50,6,65537,300.0,284.0,random,117.16,165.84,0,1,1,1,1,3147491,ok
sqrt,STD128,512,1024,32768,32768,32768,0,6,3,52,5,65537,260.0,244.0,all_match,120.72,122.28,0,1,1,512,512,2623041,ok
sqrt,STD128,512,1024,32768,32768,32768,0,6,3,52,5,65537,260.0,244.0,no_match,120.97,122.03,0,1,1,0,0,2623041,ok
sqrt,STD128,512,1024,32768,32768,32768,0,6,3,52,5,65537,260.0,244.0,random,120.87,122.13,0,1,1,2,2,2623041,ok
sqrt,STD128,512,1024,32768,32768,32768,0,6,3,54,5,65537,270.0,254.0,all_match,124.58,128.42,0,1,1,512,512,2623041,ok
sqrt,STD128,512,1024,32768,32768,32768,0,6,3,54,5,65537,270.0,254.0,no_match,124.68,128.32,0,1,1,0,0,2623041,ok
sqrt,STD128,512,1024,32768,32768,32768,0,6,3,54,5,65537,270.0,254.0,random,124.81,128.19,0,1,1,1,1,2623041,ok
sqrt,STD128,512,1024,32768,32768,32768,0,6,3,58,5,65537,290.0,274.0,all_match,132.90,140.10,0,1,1,512,512,2623041,ok
sqrt,STD128,512,1024,32768,32768,32768,0,6,3,58,5,65537,290.0,274.0,no_match,132.89,140.11,0,1,1,0,0,2623041,ok
sqrt,STD128,512,1024,32768,32768,32768,0,6,3,58,5,65537,290.0,274.0,random,133.00,140.00,0,1,1,0,0,2623041,ok
sqrt,STD128,512,1024,32768,32768,32768,0,6,3,60,5,65537,300.0,284.0,all_match,137.01,145.99,0,1,1,512,512,2623041,ok
sqrt,STD128,512,1024,32768,32768,32768,0,6,3,60,5,65537,300.0,284.0,no_match,136.93,146.07,0,1,1,0,0,2623041,ok
sqrt,STD128,512,1024,32768,32768,32768,0,6,3,60,5,65537,300.0,284.0,random,137.04,145.96,0,1,1,1,1,2623041,ok
