scenario,method,security_class,universe_size,set_size,k,m,ring_dim,num_cts,mult_depth,phase_encode_ms,phase_encrypt_ms,phase_compute_ms,phase_decrypt_ms,total_ms,memory_bytes,ct_size_bytes,comm_bytes,jaccard_computed,jaccard_expected,jaccard_error,jaccard_rel_error,trials,total_ms_sd,total_ms_median,phase_encode_ms_sd,phase_encode_ms_median,phase_encrypt_ms_sd,phase_encrypt_ms_median,phase_compute_ms_sd,phase_compute_ms_median,phase_decrypt_ms_sd,phase_decrypt_ms_median,rel_error_eligible_n,model
vary_k_16,piccard,CPA/no-leakage,65536,1000,16,64,8192,1,1,0.113,5.691,13.459,0.368,19.630,156073984,263011,789033,0.174603,0.333333,0.158730,0.476190,3,0.204,19.672,0.006,0.110,0.081,5.686,0.201,13.567,0.008,0.366,3,3-party-outsourced
vary_k_16,piccard_sqrt,CPA/no-leakage,65536,1000,16,64,8192,1,3,0.108,6.270,20.776,0.397,27.551,156237824,394205,1182615,0.174603,0.333333,0.158730,0.476190,3,0.232,27.611,0.016,0.111,0.024,6.280,0.235,20.838,0.014,0.401,3,3-party-outsourced
vary_k_16,baseline,KPA/leakage,65536,1000,0,0,65536,1,0,0.090,42.475,93.899,2.191,138.655,155500544,2098019,6294057,0.333333,0.333333,0.000000,0.000000,3,1.216,138.441,0.005,0.088,0.302,42.340,0.929,93.805,0.016,2.184,3,3-party-outsourced
vary_k_32,piccard,CPA/no-leakage,65536,1000,32,64,8192,1,1,0.126,5.607,13.322,0.323,19.378,156270592,263011,789033,0.269841,0.333333,0.063492,0.190476,3,0.388,19.194,0.020,0.136,0.108,5.628,0.298,13.164,0.005,0.322,3,3-party-outsourced
vary_k_32,piccard_sqrt,CPA/no-leakage,65536,1000,32,64,8192,1,3,0.135,6.423,20.622,0.384,27.564,172556288,394205,1182615,0.269841,0.333333,0.063492,0.190476,3,0.308,27.618,0.015,0.130,0.191,6.411,0.287,20.707,0.013,0.387,3,3-party-outsourced
vary_k_32,baseline,KPA/leakage,65536,1000,0,0,65536,1,0,0.090,42.475,93.899,2.191,138.655,155500544,2098019,6294057,0.333333,0.333333,0.000000,0.000000,3,1.216,138.441,0.005,0.088,0.302,42.340,0.929,93.805,0.016,2.184,3,3-party-outsourced
vary_k_64,piccard,CPA/no-leakage,65536,1000,64,64,8192,1,1,0.147,5.553,13.310,0.338,19.349,174489600,263011,789033,0.333333,0.333333,0.000000,0.000000,3,0.207,19.238,0.021,0.143,0.054,5.535,0.121,13.255,0.021,0.346,3,3-party-outsourced
vary_k_64,piccard_sqrt,CPA/no-leakage,65536,1000,64,64,8192,1,3,0.137,6.315,20.643,0.382,27.477,193904640,394205,1182615,0.333333,0.333333,0.000000,0.000000,3,0.167,27.398,0.005,0.137,0.080,6.300,0.077,20.608,0.011,0.377,3,3-party-outsourced
vary_k_64,baseline,KPA/leakage,65536,1000,0,0,65536,1,0,0.090,42.475,93.899,2.191,138.655,155500544,2098019,6294057,0.333333,0.333333,0.000000,0.000000,3,1.216,138.441,0.005,0.088,0.302,42.340,0.929,93.805,0.016,2.184,3,3-party-outsourced
vary_k_128,piccard,CPA/no-leakage,65536,1000,128,64,8192,1,1,0.161,5.554,13.101,0.341,19.158,196214784,263011,789033,0.349206,0.333333,0.015873,0.047619,3,0.061,19.165,0.015,0.158,0.052,5.575,0.068,13.090,0.024,0.335,3,3-party-outsourced
vary_k_128,piccard_sqrt,CPA/no-leakage,65536,1000,128,64,8192,1,3,0.185,6.276,20.597,0.375,27.433,216989696,394205,1182615,0.349206,0.333333,0.015873,0.047619,3,0.112,27.393,0.043,0.163,0.042,6.263,0.069,20.573,0.010,0.369,3,3-party-outsourced
vary_k_128,baseline,KPA/leakage,65536,1000,0,0,65536,1,0,0.090,42.475,93.899,2.191,138.655,155500544,2098019,6294057,0.333333,0.333333,0.000000,0.000000,3,1.216,138.441,0.005,0.088,0.302,42.340,0.929,93.805,0.016,2.184,3,3-party-outsourced
vary_k_256,piccard,CPA/no-leakage,65536,1000,256,64,16384,1,1,0.209,10.684,23.762,0.572,35.226,234668032,525155,1575465,0.361111,0.333333,0.027778,0.083333,3,0.165,35.220,0.019,0.215,0.042,10.663,0.133,23.797,0.007,0.572,3,3-party-outsourced
vary_k_256,piccard_sqrt,CPA/no-leakage,65536,1000,256,64,8192,1,3,0.350,6.308,20.708,0.389,27.755,248184832,394205,1182615,0.361111,0.333333,0.027778,0.083333,3,0.113,27.781,0.022,0.357,0.039,6.286,0.101,20.759,0.012,0.386,3,3-party-outsourced
vary_k_256,baseline,KPA/leakage,65536,1000,0,0,65536,1,0,0.090,42.475,93.899,2.191,138.655,155500544,2098019,6294057,0.333333,0.333333,0.000000,0.000000,3,1.216,138.441,0.005,0.088,0.302,42.340,0.929,93.805,0.016,2.184,3,3-party-outsourced
vary_k_512,piccard,CPA/no-leakage,65536,1000,512,64,32768,1,1,1.942,43.973,181.274,3.879,231.068,308576256,1049443,3148329,0.402778,0.333333,0.069444,0.208333,3,62.885,240.913,1.412,2.671,20.234,51.499,42.051,182.165,0.625,3.688,3,3-party-outsourced
vary_k_512,piccard_sqrt,CPA/no-leakage,65536,1000,512,64,8192,1,3,3.675,22.396,102.307,1.328,129.706,308658176,394205,1182615,0.402778,0.333333,0.069444,0.208333,3,6.106,132.793,1.521,3.227,3.005,20.941,10.482,107.648,0.170,1.239,3,3-party-outsourced
vary_k_512,baseline,KPA/leakage,65536,1000,0,0,65536,1,0,0.090,42.475,93.899,2.191,138.655,155500544,2098019,6294057,0.333333,0.333333,0.000000,0.000000,3,1.216,138.441,0.005,0.088,0.302,42.340,0.929,93.805,0.016,2.184,3,3-party-outsourced
vary_m_16,piccard,CPA/no-leakage,65536,1000,128,16,8192,1,1,0.739,18.944,57.828,0.964,78.476,411598848,263011,789033,0.333333,0.333333,0.000000,0.000000,3,10.095,82.449,0.529,0.586,5.823,18.552,5.171,58.848,0.158,0.897,3,3-party-outsourced
vary_m_16,piccard_sqrt,CPA/no-leakage,65536,1000,128,16,8192,1,3,0.835,23.478,101.143,1.597,127.053,414269440,394205,1182615,0.333333,0.333333,0.000000,0.000000,3,6.965,130.754,0.502,0.852,4.755,25.472,2.340,101.780,0.452,1.488,3,3-party-outsourced
vary_m_16,baseline,KPA/leakage,65536,1000,0,0,65536,1,0,0.137,99.701,399.225,10.569,509.632,411598848,2098019,6294057,0.333333,0.333333,0.000000,0.000000,3,26.497,504.075,0.029,0.137,3.850,98.890,25.761,396.601,4.544,8.477,3,3-party-outsourced
vary_m_32,piccard,CPA/no-leakage,65536,1000,128,32,8192,1,1,0.703,15.616,41.659,0.834,58.812,416366592,263011,789033,0.346774,0.333333,0.013441,0.040323,3,4.204,56.943,0.012,0.708,0.952,15.778,3.646,40.826,0.039,0.813,3,3-party-outsourced
vary_m_32,baseline,KPA/leakage,65536,1000,0,0,65536,1,0,0.137,99.701,399.225,10.569,509.632,411598848,2098019,6294057,0.333333,0.333333,0.000000,0.000000,3,26.497,504.075,0.029,0.137,3.850,98.890,25.761,396.601,4.544,8.477,3,3-party-outsourced
vary_m_64,piccard,CPA/no-leakage,65536,1000,128,64,8192,1,1,0.735,18.194,49.704,0.963,69.596,421576704,263011,789033,0.349206,0.333333,0.015873,0.047619,3,6.460,66.919,0.164,0.723,4.534,15.773,9.237,47.320,0.122,0.907,3,3-party-outsourced
vary_m_64,piccard_sqrt,CPA/no-leakage,65536,1000,128,64,8192,1,3,0.825,21.582,103.745,1.188,127.339,431849472,394205,1182615,0.349206,0.333333,0.015873,0.047619,3,20.231,125.003,0.171,0.741,1.595,20.759,20.666,99.629,0.032,1.201,3,3-party-outsourced
vary_m_64,baseline,KPA/leakage,65536,1000,0,0,65536,1,0,0.137,99.701,399.225,10.569,509.632,411598848,2098019,6294057,0.333333,0.333333,0.000000,0.000000,3,26.497,504.075,0.029,0.137,3.850,98.890,25.761,396.601,4.544,8.477,3,3-party-outsourced
vary_m_128,piccard,CPA/no-leakage,65536,1000,128,128,16384,1,1,0.964,31.731,94.331,2.084,129.110,453427200,525155,1575465,0.346457,0.333333,0.013123,0.039370,3,11.170,132.043,0.223,0.998,1.127,31.221,11.511,97.934,0.766,1.721,3,3-party-outsourced
vary_m_128,baseline,KPA/leakage,65536,1000,0,0,65536,1,0,0.137,99.701,399.225,10.569,509.632,411598848,2098019,6294057,0.333333,0.333333,0.000000,0.000000,3,26.497,504.075,0.029,0.137,3.850,98.890,25.761,396.601,4.544,8.477,3,3-party-outsourced
vary_m_256,piccard,CPA/no-leakage,65536,1000,128,256,32768,1,1,0.942,52.828,184.590,3.805,242.165,494534656,1049443,3148329,0.349020,0.333333,0.015686,0.047059,3,24.707,232.575,0.319,0.781,9.257,55.757,22.029,176.463,0.518,3.985,3,3-party-outsourced
vary_m_256,piccard_sqrt,CPA/no-leakage,65536,1000,128,256,8192,1,3,1.244,23.897,97.357,2.063,124.561,501547008,394205,1182615,0.349020,0.333333,0.015686,0.047059,3,6.049,125.390,0.901,0.733,0.651,23.844,6.618,94.970,1.299,1.327,3,3-party-outsourced
vary_m_256,baseline,KPA/leakage,65536,1000,0,0,65536,1,0,0.137,99.701,399.225,10.569,509.632,411598848,2098019,6294057,0.333333,0.333333,0.000000,0.000000,3,26.497,504.075,0.029,0.137,3.850,98.890,25.761,396.601,4.544,8.477,3,3-party-outsourced
vary_universe_16384,piccard,CPA/no-leakage,16384,1000,128,64,8192,1,1,0.675,16.749,41.743,0.948,60.116,541638656,263011,789033,0.291005,0.333333,0.042328,0.126984,3,3.417,60.156,0.186,0.576,1.827,15.784,4.011,39.479,0.099,0.970,3,3-party-outsourced
vary_universe_16384,piccard_sqrt,CPA/no-leakage,16384,1000,128,64,8192,1,3,0.709,21.088,88.280,1.169,111.246,541638656,394205,1182615,0.291005,0.333333,0.042328,0.126984,3,7.586,111.623,0.014,0.709,0.734,20.887,7.363,87.849,0.022,1.166,3,3-party-outsourced
vary_universe_16384,baseline,KPA/leakage,16384,1000,0,0,16384,1,0,0.046,35.035,85.774,1.672,122.526,541638656,525155,1575465,0.333333,0.333333,0.000000,0.000000,3,2.508,121.187,0.003,0.044,0.499,35.122,2.566,84.783,0.120,1.648,3,3-party-outsourced
vary_universe_16384,bcg12_mh_ff,AHE/no-leakage,16384,1000,128,0,0,0,0,1733.617,75.057,153.738,78.632,2041.045,541638656,49152,102400,0.291667,0.333333,0.041667,0.125000,3,79.061,1997.983,71.294,1693.651,4.274,73.279,3.266,153.010,4.837,78.735,3,2-party
vary_universe_16384,bcg12_mh_ec,AHE/no-leakage,16384,1000,128,0,0,0,0,12.826,4.857,15.819,6.402,39.904,541638656,4224,12544,0.291667,0.333333,0.041667,0.125000,3,5.552,42.892,0.755,13.234,0.004,4.855,4.770,18.323,0.029,6.412,3,2-party
vary_universe_65536,piccard,CPA/no-leakage,65536,1000,128,64,8192,1,1,0.565,15.074,41.396,0.969,58.003,681033728,263011,789033,0.322751,0.333333,0.047619,0.142857,3,3.587,58.475,0.018,0.557,0.717,15.261,2.956,40.738,0.492,0.859,3,3-party-outsourced
vary_universe_65536,piccard_sqrt,CPA/no-leakage,65536,1000,128,64,8192,1,3,1.061,21.127,99.248,1.162,122.598,681033728,394205,1182615,0.322751,0.333333,0.047619,0.142857,3,5.676,119.804,0.352,0.862,1.679,20.814,6.782,96.994,0.561,1.178,3,3-party-outsourced
vary_universe_65536,baseline,KPA/leakage,65536,1000,0,0,65536,1,0,0.063,88.730,371.735,5.977,466.505,681033728,2098019,6294057,0.333333,0.333333,0.000000,0.000000,3,39.704,475.400,0.022,0.069,15.524,96.062,26.587,371.874,2.188,7.093,3,3-party-outsourced
vary_universe_65536,bcg12_mh_ff,AHE/no-leakage,65536,1000,128,0,0,0,0,1684.171,76.031,159.468,80.611,2000.282,681033728,49152,102400,0.328125,0.333333,0.038194,0.114583,3,40.979,1990.460,45.522,1674.529,5.293,73.541,3.328,158.352,9.505,75.469,3,2-party
vary_universe_65536,bcg12_mh_ec,AHE/no-leakage,65536,1000,128,0,0,0,0,11.290,4.875,10.339,6.518,33.021,681033728,4224,12544,0.328125,0.333333,0.038194,0.114583,3,3.891,33.830,3.885,11.920,0.021,4.869,0.017,10.333,0.181,6.430,3,2-party
vary_universe_262144,piccard,CPA/no-leakage,262144,1000,128,64,8192,1,1,4.123,11.914,78.917,2.911,97.866,1237893120,263011,789033,0.333333,0.333333,0.047619,0.142857,3,11.782,103.191,2.883,2.603,4.731,13.877,11.385,84.309,4.190,0.572,3,3-party-outsourced
vary_universe_262144,piccard_sqrt,CPA/no-leakage,262144,1000,128,64,8192,1,3,2.434,44.421,198.728,5.147,250.729,1237893120,394205,1182615,0.333333,0.333333,0.047619,0.142857,3,126.917,204.974,2.421,1.886,24.710,54.309,102.185,148.199,4.776,4.752,3,3-party-outsourced
vary_universe_262144,baseline,KPA/leakage,262144,1000,0,0,262144,1,0,0.235,244.119,1250.287,33.619,1528.261,1237893120,8389475,25168425,0.333333,0.333333,0.000000,0.000000,3,352.426,1579.264,0.127,0.167,14.120,239.466,343.724,1264.878,20.153,32.627,3,3-party-outsourced
vary_universe_262144,bcg12_mh_ff,AHE/no-leakage,262144,1000,128,0,0,0,0,1653.116,75.466,203.905,97.921,2030.408,1237893120,49152,102400,0.330729,0.333333,0.030382,0.091146,3,99.123,1982.938,15.143,1653.833,3.244,74.414,67.316,166.383,20.340,92.513,3,2-party
vary_universe_262144,bcg12_mh_ec,AHE/no-leakage,262144,1000,128,0,0,0,0,13.252,6.230,10.325,6.442,36.249,1237893120,4224,12544,0.330729,0.333333,0.030382,0.091146,3,9.210,35.571,7.151,13.942,2.379,4.857,0.008,10.327,0.014,6.443,3,2-party
vary_universe_1048576,piccard,CPA/no-leakage,1048576,1000,128,64,8192,1,1,1.750,45.415,183.048,0.531,230.744,3372761088,263011,789033,0.346561,0.333333,0.044974,0.134921,3,49.568,220.459,1.941,1.097,12.466,42.745,37.113,173.082,0.147,0.470,3,3-party-outsourced
vary_universe_1048576,piccard_sqrt,CPA/no-leakage,1048576,1000,128,64,8192,1,3,4.231,66.707,507.000,3.029,580.967,3372761088,394205,1182615,0.346561,0.333333,0.044974,0.134921,3,78.426,582.920,5.037,2.602,25.290,67.729,108.151,505.122,3.862,1.188,3,3-party-outsourced
vary_universe_1048576,baseline,KPA/leakage,1048576,1000,0,0,1048576,1,0,0.764,921.859,3421.875,62.573,4407.071,3372761088,33555299,100665897,0.333333,0.333333,0.000000,0.000000,3,64.079,4421.804,0.107,0.708,19.520,930.072,49.406,3414.244,7.217,59.907,3,3-party-outsourced
vary_universe_1048576,bcg12_mh_ff,AHE/no-leakage,1048576,1000,128,0,0,0,0,1646.078,81.369,159.574,78.153,1965.174,3372761088,49152,102400,0.346354,0.333333,0.042535,0.127604,3,15.207,1968.351,7.848,1649.510,8.731,78.420,12.003,153.986,4.402,79.481,3,2-party
vary_universe_1048576,bcg12_mh_ec,AHE/no-leakage,1048576,1000,128,0,0,0,0,12.193,5.404,11.490,9.476,38.562,3372761088,4224,12544,0.346354,0.333333,0.042535,0.127604,3,11.343,38.993,5.852,15.379,0.941,4.863,2.033,10.318,5.308,6.423,3,2-party
vary_size_100,piccard,CPA/no-leakage,65536,100,128,64,8192,1,1,0.143,27.665,96.422,0.767,124.996,3381215232,263011,789033,0.380952,0.333333,0.047619,0.142857,3,21.038,130.788,0.056,0.114,12.606,33.142,11.065,92.782,0.388,0.680,3,3-party-outsourced
vary_size_100,piccard_sqrt,CPA/no-leakage,65536,100,128,64,8192,1,3,1.271,33.254,194.517,1.886,230.928,3381215232,394205,1182615,0.380952,0.333333,0.047619,0.142857,3,53.665,225.943,2.000,0.121,8.189,31.591,46.877,196.084,1.627,1.349,3,3-party-outsourced
vary_size_100,baseline,KPA/leakage,65536,100,0,0,65536,1,0,0.066,69.542,207.796,3.549,280.952,3393847296,2098019,6294057,0.333333,0.333333,0.000000,0.000000,3,149.343,207.110,0.030,0.068,22.917,78.268,139.431,137.036,2.189,2.301,3,3-party-outsourced
vary_size_100,bcg12_exact_ec,AHE/no-leakage,65536,100,0,0,0,0,0,3.752,3.642,7.924,4.950,20.268,3393896448,3300,9800,0.333333,0.333333,0.000000,0.000000,3,0.669,20.313,0.142,3.673,0.130,3.568,0.300,8.049,0.170,5.031,3,2-party
vary_size_100,bcg12_exact_ff,AHE/no-leakage,65536,100,0,0,0,0,0,1221.546,63.799,117.279,59.381,1462.006,3393929216,38400,80000,0.333333,0.333333,0.000000,0.000000,3,87.093,1487.130,73.964,1230.346,12.819,57.607,5.939,120.526,4.584,57.721,3,2-party
vary_size_1000,piccard,CPA/no-leakage,65536,1000,128,64,8192,1,1,4.486,25.769,119.752,3.698,153.706,3415015424,263011,789033,0.349206,0.333333,0.015873,0.047619,3,36.797,159.472,3.181,4.771,16.381,34.348,22.147,120.949,2.239,4.140,3,3-party-outsourced
vary_size_1000,piccard_sqrt,CPA/no-leakage,65536,1000,128,64,8192,1,3,2.848,23.758,147.636,0.686,174.927,3415015424,394205,1182615,0.349206,0.333333,0.015873,0.047619,3,37.985,156.090,1.664,3.592,5.270,24.564,35.980,127.748,0.192,0.579,3,3-party-outsourced
vary_size_1000,baseline,KPA/leakage,65536,1000,0,0,65536,1,0,0.116,97.630,399.199,6.305,503.250,3415556096,2098019,6294057,0.333333,0.333333,0.000000,0.000000,3,7.814,502.615,0.007,0.114,20.369,86.607,15.150,403.643,1.836,6.869,3,3-party-outsourced
vary_size_1000,bcg12_exact_ec,AHE/no-leakage,65536,1000,0,0,0,0,0,39.027,43.092,88.904,52.221,223.244,3416932352,33000,98000,0.333333,0.333333,0.000000,0.000000,3,4.325,222.174,1.302,38.299,4.634,44.498,3.497,87.039,3.807,50.071,3,2-party
vary_size_1000,bcg12_exact_ff,AHE/no-leakage,65536,1000,0,0,0,0,0,12748.203,626.570,1239.663,617.181,15231.618,3417276416,384000,800000,0.333333,0.333333,0.000000,0.000000,3,97.918,15230.547,78.992,12769.351,11.651,622.785,11.148,1233.372,10.517,623.085,3,2-party
vary_size_10000,piccard,CPA/no-leakage,65536,10000,128,64,8192,1,1,6.892,30.346,141.163,2.254,180.655,3417276416,263011,789033,0.365079,0.333333,0.031746,0.095238,3,64.159,216.432,4.189,8.775,4.022,32.107,60.466,170.888,1.648,2.548,3,3-party-outsourced
vary_size_10000,piccard_sqrt,CPA/no-leakage,65536,10000,128,64,8192,1,3,5.410,33.387,182.293,2.071,223.161,3417276416,394205,1182615,0.365079,0.333333,0.031746,0.095238,3,23.188,231.604,3.929,3.537,6.563,36.523,28.307,197.411,1.162,2.203,3,3-party-outsourced
vary_size_10000,baseline,KPA/leakage,65536,10000,0,0,65536,1,0,0.104,89.714,390.426,10.359,490.604,3417276416,2098019,6294057,0.333333,0.333333,0.000000,0.000000,3,26.231,505.095,0.055,0.132,6.572,89.626,29.396,405.468,2.739,11.158,3,3-party-outsourced
vary_size_10000,bcg12_exact_ec,AHE/no-leakage,65536,10000,0,0,0,0,0,415.911,415.668,868.131,531.004,2230.714,3417276416,330000,980000,0.333333,0.333333,0.000000,0.000000,3,16.192,2238.050,8.028,412.716,10.721,419.473,23.807,866.976,4.694,530.545,3,2-party
vary_size_100000,piccard,CPA/no-leakage,200000,100000,128,64,8192,1,1,14.190,12.677,33.219,0.461,60.548,3631529984,263011,789033,0.452381,0.333333,0.119048,0.357143,3,15.163,67.101,4.360,12.144,9.282,7.868,11.740,28.343,0.041,0.478,3,3-party-outsourced
vary_size_100000,piccard_sqrt,CPA/no-leakage,200000,100000,128,64,8192,1,3,12.238,13.971,70.906,0.470,97.585,3631529984,394205,1182615,0.452381,0.333333,0.119048,0.357143,3,31.420,95.291,4.336,9.844,4.308,14.315,27.719,63.275,0.032,0.458,3,3-party-outsourced
vary_size_100000,baseline,KPA/leakage,200000,100000,0,0,262144,1,0,0.292,290.864,1508.823,22.256,1822.236,3631529984,8389475,25168425,0.333333,0.333333,0.000000,0.000000,3,108.078,1818.450,0.051,0.297,38.455,291.807,94.175,1537.132,6.042,20.314,3,3-party-outsourced
vary_size_100000,bcg12_exact_ec,AHE/no-leakage,200000,100000,0,0,0,0,0,3961.385,4169.213,8712.494,5578.995,22422.087,3631529984,3300000,9800000,0.333333,0.333333,0.000000,0.000000,1,-1.000,22422.087,-1.000,3961.385,-1.000,4169.213,-1.000,8712.494,-1.000,5578.995,1,2-party
